job_title,job_detail_url,job_listed,company_name,company_link,company_location
"Analyst, Data Visualization & Engineering",https://www.linkedin.com/jobs/view/analyst-data-visualization-engineering-at-san-diego-padres-3819501424?refId=vPwIF9vQpOmarzPDB%2BqrEg%3D%3D&trackingId=x%2FbX9kaenDAscCqqz0KUqQ%3D%3D&position=1&pageNum=0&trk=public_jobs_jserp-result_search-card,1 week ago,San Diego Padres,https://www.linkedin.com/company/sandiegopadres?trk=public_jobs_jserp-result_job-search-card-subtitle,"San Diego, CA"
Data Analyst,https://www.linkedin.com/jobs/view/data-analyst-at-the-home-depot-3814300931?refId=vPwIF9vQpOmarzPDB%2BqrEg%3D%3D&trackingId=ESGVEhDeM7TAuBE2Oo2RFA%3D%3D&position=2&pageNum=0&trk=public_jobs_jserp-result_search-card,2 weeks ago,The Home Depot,https://www.linkedin.com/company/the-home-depot?trk=public_jobs_jserp-result_job-search-card-subtitle,"Atlanta, GA"
Data Analyst,https://www.linkedin.com/jobs/view/data-analyst-at-extend-3799874143?refId=vPwIF9vQpOmarzPDB%2BqrEg%3D%3D&trackingId=m3LSV%2BbRh3sBn6tGL%2BhnjA%3D%3D&position=3&pageNum=0&trk=public_jobs_jserp-result_search-card,1 month ago,Extend,https://www.linkedin.com/company/paywithextend?trk=public_jobs_jserp-result_job-search-card-subtitle,"New York, NY"
Data Analyst,https://www.linkedin.com/jobs/view/data-analyst-at-calculated-hire-3810127205?refId=vPwIF9vQpOmarzPDB%2BqrEg%3D%3D&trackingId=TcOSVp6lh5DLB5Itd05IQg%3D%3D&position=4&pageNum=0&trk=public_jobs_jserp-result_search-card,4 days ago,Calculated Hire,https://www.linkedin.com/company/calculated-hire?trk=public_jobs_jserp-result_job-search-card-subtitle,Atlanta Metropolitan Area
FOIA Data Analyst,https://www.linkedin.com/jobs/view/foia-data-analyst-at-integrated-finance-accounting-solutions-ifas-3809387271?refId=vPwIF9vQpOmarzPDB%2BqrEg%3D%3D&trackingId=tKSDRnGp0a9BXtzunIaTmQ%3D%3D&position=5&pageNum=0&trk=public_jobs_jserp-result_search-card,3 weeks ago,Integrated Finance & Accounting Solutions (IFAS),https://www.linkedin.com/company/integrated-finance-accounting-solutions-ifas?trk=public_jobs_jserp-result_job-search-card-subtitle,"Washington, DC"
Junior Data Analyst,https://www.linkedin.com/jobs/view/junior-data-analyst-at-american-cruise-lines-3803813626?refId=vPwIF9vQpOmarzPDB%2BqrEg%3D%3D&trackingId=xJRg6jRzHeLD7bgDfQ%2BBeA%3D%3D&position=6&pageNum=0&trk=public_jobs_jserp-result_search-card,4 weeks ago,American Cruise Lines,https://www.linkedin.com/company/american-cruise-lines?trk=public_jobs_jserp-result_job-search-card-subtitle,"Guilford, CT"
Data Analyst I,https://www.linkedin.com/jobs/view/data-analyst-i-at-mindsource-3799978744?refId=vPwIF9vQpOmarzPDB%2BqrEg%3D%3D&trackingId=JOMmmFi5kpTYZVskQABYGw%3D%3D&position=7&pageNum=0&trk=public_jobs_jserp-result_search-card,4 weeks ago,MindSource,https://www.linkedin.com/company/mindsource?trk=public_jobs_jserp-result_job-search-card-subtitle,"Culver City, CA"
Data Analyst,https://www.linkedin.com/jobs/view/data-analyst-at-ecclesiastes-inc-3814530752?refId=vPwIF9vQpOmarzPDB%2BqrEg%3D%3D&trackingId=K51hO%2Fb8c19hpYcrtDCLNQ%3D%3D&position=8&pageNum=0&trk=public_jobs_jserp-result_search-card,2 weeks ago,Ecclesiastes Inc,https://www.linkedin.com/company/ecclesiastes?trk=public_jobs_jserp-result_job-search-card-subtitle,"Newark, DE"
Data Analyst II,https://www.linkedin.com/jobs/view/data-analyst-ii-at-winmax-3800974647?refId=vPwIF9vQpOmarzPDB%2BqrEg%3D%3D&trackingId=jEhJxIZNVQnURN3EXWBv%2FA%3D%3D&position=9&pageNum=0&trk=public_jobs_jserp-result_search-card,1 month ago,WinMax,https://www.linkedin.com/company/winmax-systems?trk=public_jobs_jserp-result_job-search-card-subtitle,"Cupertino, CA"
Data Analyst,https://www.linkedin.com/jobs/view/data-analyst-at-mission-neighborhood-health-center-3804449596?refId=vPwIF9vQpOmarzPDB%2BqrEg%3D%3D&trackingId=%2FCUnBVaibYrIQIJaYTyObw%3D%3D&position=10&pageNum=0&trk=public_jobs_jserp-result_search-card,4 weeks ago,Mission Neighborhood Health Center,https://www.linkedin.com/company/mission-neighborhood-health-center?trk=public_jobs_jserp-result_job-search-card-subtitle,"San Francisco, CA"
Excel Data Analyst (Remote),https://www.linkedin.com/jobs/view/excel-data-analyst-remote-at-conexess-group-3803693741?refId=vPwIF9vQpOmarzPDB%2BqrEg%3D%3D&trackingId=MV6uFhG%2FkFTqFEHuTXYMXg%3D%3D&position=11&pageNum=0&trk=public_jobs_jserp-result_search-card,4 weeks ago,Conexess Group,https://www.linkedin.com/company/conexess-group?trk=public_jobs_jserp-result_job-search-card-subtitle,United States
Data Analyst,https://www.linkedin.com/jobs/view/data-analyst-at-lingatech-3822104816?refId=vPwIF9vQpOmarzPDB%2BqrEg%3D%3D&trackingId=AqSFs%2B6VGyqYB3PaS31Vvw%3D%3D&position=12&pageNum=0&trk=public_jobs_jserp-result_search-card,20 hours ago,LingaTech,https://www.linkedin.com/company/lingatech?trk=public_jobs_jserp-result_job-search-card-subtitle,United States
Junior Data Analyst,https://www.linkedin.com/jobs/view/junior-data-analyst-at-aretum-3815318012?refId=vPwIF9vQpOmarzPDB%2BqrEg%3D%3D&trackingId=c5HX8eCTGvUlk3HntthPsw%3D%3D&position=13&pageNum=0&trk=public_jobs_jserp-result_search-card,2 weeks ago,ARETUM,https://www.linkedin.com/company/aretum-holdings-llc?trk=public_jobs_jserp-result_job-search-card-subtitle,United States
Data Analyst,https://www.linkedin.com/jobs/view/data-analyst-at-trigent-solutions-inc-3812314851?refId=vPwIF9vQpOmarzPDB%2BqrEg%3D%3D&trackingId=LzcU4l24XpoABwK74uKwGw%3D%3D&position=14&pageNum=0&trk=public_jobs_jserp-result_search-card,2 weeks ago,Trigent Solutions Inc.,https://www.linkedin.com/company/trigent-solutions?trk=public_jobs_jserp-result_job-search-card-subtitle,"Atlanta, GA"
Jr Data Analyst,https://www.linkedin.com/jobs/view/jr-data-analyst-at-asta-crs-inc-3826602793?refId=vPwIF9vQpOmarzPDB%2BqrEg%3D%3D&trackingId=8EEMYBXgaxcp3dP%2FxPoeAA%3D%3D&position=15&pageNum=0&trk=public_jobs_jserp-result_search-card,8 hours ago,Asta Crs Inc,https://www.linkedin.com/company/asta-crs-inc.?trk=public_jobs_jserp-result_job-search-card-subtitle,"Manassas, VA"
"Data Analyst, Hybrid",https://www.linkedin.com/jobs/view/data-analyst-hybrid-at-university-of-maryland-medical-system-3826194710?refId=vPwIF9vQpOmarzPDB%2BqrEg%3D%3D&trackingId=7FuK6mP%2BAytynnqFi%2FcV%2FA%3D%3D&position=16&pageNum=0&trk=public_jobs_jserp-result_search-card,16 hours ago,University of Maryland Medical System,https://www.linkedin.com/company/ummedicalsystem?trk=public_jobs_jserp-result_job-search-card-subtitle,"Towson, MD"
Data Analyst,https://www.linkedin.com/jobs/view/data-analyst-at-enexus-global-inc-3816914069?refId=vPwIF9vQpOmarzPDB%2BqrEg%3D%3D&trackingId=bZwg7B8K0nmS6cBL%2Fth%2BQA%3D%3D&position=17&pageNum=0&trk=public_jobs_jserp-result_search-card,1 month ago,Enexus Global Inc.,https://www.linkedin.com/company/enexusglobal?trk=public_jobs_jserp-result_job-search-card-subtitle,"Santa Clarita, CA"
Data Analyst,https://www.linkedin.com/jobs/view/data-analyst-at-talent-disruptors-3821310800?refId=vPwIF9vQpOmarzPDB%2BqrEg%3D%3D&trackingId=ncn4PKLMRJwIGgpKCZWtNw%3D%3D&position=18&pageNum=0&trk=public_jobs_jserp-result_search-card,6 days ago,Talent Disruptors,https://www.linkedin.com/company/talentdisruptors?trk=public_jobs_jserp-result_job-search-card-subtitle,United States
Data Analyst,https://www.linkedin.com/jobs/view/data-analyst-at-patientfi-3822119608?refId=vPwIF9vQpOmarzPDB%2BqrEg%3D%3D&trackingId=Ax%2F6EODvjZd2URCRCGcNhw%3D%3D&position=19&pageNum=0&trk=public_jobs_jserp-result_search-card,30 minutes ago,PatientFi,https://www.linkedin.com/company/patientfi?trk=public_jobs_jserp-result_job-search-card-subtitle,"Irvine, CA"
Data Analyst,https://www.linkedin.com/jobs/view/data-analyst-at-bloom-ads-global-media-group-3816235393?refId=vPwIF9vQpOmarzPDB%2BqrEg%3D%3D&trackingId=CEG103yIZLPhI4nWZbGyaA%3D%3D&position=20&pageNum=0&trk=public_jobs_jserp-result_search-card,1 week ago,Bloom Ads Global Media Group,https://www.linkedin.com/company/bloom-ads-inc-?trk=public_jobs_jserp-result_job-search-card-subtitle,"Los Angeles, CA"
Junior Data Analyst,https://www.linkedin.com/jobs/view/junior-data-analyst-at-team-remotely-inc-3826604234?refId=vPwIF9vQpOmarzPDB%2BqrEg%3D%3D&trackingId=21mmQdrmg%2FNhsIG%2BHj9qng%3D%3D&position=21&pageNum=0&trk=public_jobs_jserp-result_search-card,7 hours ago,Team Remotely Inc,https://www.linkedin.com/company/team-remotely-llc?trk=public_jobs_jserp-result_job-search-card-subtitle,"Nashville, TN"
"DATA ANALYST, SUPPLY CHAIN ANALYTICS",https://www.linkedin.com/jobs/view/data-analyst-supply-chain-analytics-at-the-home-depot-3815856049?refId=vPwIF9vQpOmarzPDB%2BqrEg%3D%3D&trackingId=G0vcTSZsHnpwFS3U1DE%2B4g%3D%3D&position=22&pageNum=0&trk=public_jobs_jserp-result_search-card,1 week ago,The Home Depot,https://www.linkedin.com/company/the-home-depot?trk=public_jobs_jserp-result_job-search-card-subtitle,"Atlanta, GA"
Data Analyst,https://www.linkedin.com/jobs/view/data-analyst-at-software-people-inc-3807114963?refId=vPwIF9vQpOmarzPDB%2BqrEg%3D%3D&trackingId=B8AFKHItTd9MW61PKdQ%2BPw%3D%3D&position=23&pageNum=0&trk=public_jobs_jserp-result_search-card,3 weeks ago,Software People Inc.,https://www.linkedin.com/company/software-people-inc.?trk=public_jobs_jserp-result_job-search-card-subtitle,"Richmond, VA"
Senior Data Analyst/Data Analyst,https://www.linkedin.com/jobs/view/senior-data-analyst-data-analyst-at-coterie-3803881456?refId=vPwIF9vQpOmarzPDB%2BqrEg%3D%3D&trackingId=AT4G%2BdF%2FjGR7mShUXAMP2g%3D%3D&position=24&pageNum=0&trk=public_jobs_jserp-result_search-card,4 weeks ago,Coterie,https://www.linkedin.com/company/coterieinc?trk=public_jobs_jserp-result_job-search-card-subtitle,"New York, NY"
Data Analyst,https://www.linkedin.com/jobs/view/data-analyst-at-siemens-energy-3814642365?refId=cPxqRZIsn5b5jZfbxSFWRQ%3D%3D&trackingId=MbUa7JNzSUucfNB%2BWDo0jA%3D%3D&position=1&pageNum=1&trk=public_jobs_jserp-result_search-card,1 week ago,Siemens Energy,https://www.linkedin.com/company/siemens-energy?trk=public_jobs_jserp-result_job-search-card-subtitle,"Raleigh, NC"
Data Analyst,https://www.linkedin.com/jobs/view/data-analyst-at-intelletec-3811230694?refId=cPxqRZIsn5b5jZfbxSFWRQ%3D%3D&trackingId=I0WFfErp6KPtA%2FYtBTQ%2Bag%3D%3D&position=2&pageNum=1&trk=public_jobs_jserp-result_search-card,2 weeks ago,Intelletec,https://www.linkedin.com/company/intelletec-ltd?trk=public_jobs_jserp-result_job-search-card-subtitle,"Santa Monica, CA"
Compliance Data Analyst,https://www.linkedin.com/jobs/view/compliance-data-analyst-at-lyft-3816989541?refId=cPxqRZIsn5b5jZfbxSFWRQ%3D%3D&trackingId=wXLAw1uerqHl%2F4CXblTBtQ%3D%3D&position=3&pageNum=1&trk=public_jobs_jserp-result_search-card,1 week ago,Lyft,https://www.linkedin.com/company/lyft?trk=public_jobs_jserp-result_job-search-card-subtitle,"New York, NY"
Data Labeling Analyst II,https://www.linkedin.com/jobs/view/data-labeling-analyst-ii-at-facebook-3818037986?refId=cPxqRZIsn5b5jZfbxSFWRQ%3D%3D&trackingId=G8mCOjN3egJqZ3m4iNd2IA%3D%3D&position=4&pageNum=1&trk=public_jobs_jserp-result_search-card,1 week ago,Facebook,https://www.linkedin.com/company/facebook?trk=public_jobs_jserp-result_job-search-card-subtitle,Los Angeles Metropolitan Area
Data Analyst,https://www.linkedin.com/jobs/view/data-analyst-at-apt-3814851429?refId=cPxqRZIsn5b5jZfbxSFWRQ%3D%3D&trackingId=lerbZfd3OvamtfVebnfseQ%3D%3D&position=5&pageNum=1&trk=public_jobs_jserp-result_search-card,2 weeks ago,Apt,https://www.linkedin.com/company/apt-staffing-consulting?trk=public_jobs_jserp-result_job-search-card-subtitle,"Dallas, TX"
BI Data Analyst,https://www.linkedin.com/jobs/view/bi-data-analyst-at-topgolf-3817964855?refId=cPxqRZIsn5b5jZfbxSFWRQ%3D%3D&trackingId=8goJYvqWyGyu2NNYwpySbA%3D%3D&position=6&pageNum=1&trk=public_jobs_jserp-result_search-card,1 week ago,Topgolf,https://www.linkedin.com/company/topgolf?trk=public_jobs_jserp-result_job-search-card-subtitle,"Dallas, TX"
Data Analyst,https://www.linkedin.com/jobs/view/data-analyst-at-tickpick-3816035425?refId=cPxqRZIsn5b5jZfbxSFWRQ%3D%3D&trackingId=0ohXSgBcBirjfey0fEONxA%3D%3D&position=7&pageNum=1&trk=public_jobs_jserp-result_search-card,1 week ago,TickPick,https://www.linkedin.com/company/tickpick?trk=public_jobs_jserp-result_job-search-card-subtitle,"New York, United States"
Data Analyst,https://www.linkedin.com/jobs/view/data-analyst-at-ecclesiastes-inc-3814530752?refId=cPxqRZIsn5b5jZfbxSFWRQ%3D%3D&trackingId=Bzxt2k9FStFlyUDXf48Y1w%3D%3D&position=8&pageNum=1&trk=public_jobs_jserp-result_search-card,2 weeks ago,Ecclesiastes Inc,https://www.linkedin.com/company/ecclesiastes?trk=public_jobs_jserp-result_job-search-card-subtitle,"Newark, DE"
Data Analyst,https://www.linkedin.com/jobs/view/data-analyst-at-abbott-3820185166?refId=cPxqRZIsn5b5jZfbxSFWRQ%3D%3D&trackingId=tP8XkSsJm0zQz7d4kNNsRQ%3D%3D&position=9&pageNum=1&trk=public_jobs_jserp-result_search-card,1 week ago,Abbott,https://www.linkedin.com/company/abbott-?trk=public_jobs_jserp-result_job-search-card-subtitle,"Columbus, OH"
(Sr.)Data Analyst,https://www.linkedin.com/jobs/view/sr-data-analyst-at-bigo-3813161862?refId=cPxqRZIsn5b5jZfbxSFWRQ%3D%3D&trackingId=pdcA0lHNkCSa%2Fug5XJlUrg%3D%3D&position=10&pageNum=1&trk=public_jobs_jserp-result_search-card,1 week ago,BIGO,https://sg.linkedin.com/company/bigo-technology-pte.-ltd.?trk=public_jobs_jserp-result_job-search-card-subtitle,Los Angeles Metropolitan Area
Data Analyst,https://www.linkedin.com/jobs/view/data-analyst-at-insight-global-3804533690?refId=cPxqRZIsn5b5jZfbxSFWRQ%3D%3D&trackingId=QTSIa3o3Hy%2Fhxzan7wlsrw%3D%3D&position=11&pageNum=1&trk=public_jobs_jserp-result_search-card,3 weeks ago,Insight Global,https://www.linkedin.com/company/insight-global?trk=public_jobs_jserp-result_job-search-card-subtitle,"Queens, NY"
Data Analyst,https://www.linkedin.com/jobs/view/data-analyst-at-catalyst-life-sciences-3814464365?refId=cPxqRZIsn5b5jZfbxSFWRQ%3D%3D&trackingId=BpF67bbVtgFPCGOfKWwbxw%3D%3D&position=12&pageNum=1&trk=public_jobs_jserp-result_search-card,1 week ago,Catalyst Life Sciences,https://uk.linkedin.com/company/catalyst-life-sciences?trk=public_jobs_jserp-result_job-search-card-subtitle,"North Carolina, United States"
Data Analyst,https://www.linkedin.com/jobs/view/data-analyst-at-confidential-3813644865?refId=cPxqRZIsn5b5jZfbxSFWRQ%3D%3D&trackingId=Z7ArK9hf7Der%2F%2FXMuuO9qA%3D%3D&position=13&pageNum=1&trk=public_jobs_jserp-result_search-card,1 week ago,Confidential,https://www.linkedin.com/company/confidentialcompany?trk=public_jobs_jserp-result_job-search-card-subtitle,New York City Metropolitan Area
Data Analyst,https://www.linkedin.com/jobs/view/data-analyst-at-motion-recruitment-3814000248?refId=cPxqRZIsn5b5jZfbxSFWRQ%3D%3D&trackingId=zDbTd9qM4icU7Ck1EW7TRg%3D%3D&position=14&pageNum=1&trk=public_jobs_jserp-result_search-card,2 weeks ago,Motion Recruitment,https://www.linkedin.com/company/motion-recruitment-partners?trk=public_jobs_jserp-result_job-search-card-subtitle,"Irving, TX"
Data Analyst,https://www.linkedin.com/jobs/view/data-analyst-at-insight-global-3806488403?refId=cPxqRZIsn5b5jZfbxSFWRQ%3D%3D&trackingId=dWtApnDRlcvuWgkx7FfnmQ%3D%3D&position=15&pageNum=1&trk=public_jobs_jserp-result_search-card,2 weeks ago,Insight Global,https://www.linkedin.com/company/insight-global?trk=public_jobs_jserp-result_job-search-card-subtitle,"Atlanta, GA"
Senior Data Analyst,https://www.linkedin.com/jobs/view/senior-data-analyst-at-infosys-3809477598?refId=cPxqRZIsn5b5jZfbxSFWRQ%3D%3D&trackingId=ZvrpUFrSIp0raeuYjaJNkg%3D%3D&position=16&pageNum=1&trk=public_jobs_jserp-result_search-card,3 weeks ago,Infosys,https://in.linkedin.com/company/infosys?trk=public_jobs_jserp-result_job-search-card-subtitle,"Sunnyvale, CA"
Junior Data Analyst,https://www.linkedin.com/jobs/view/junior-data-analyst-at-visionaire-partners-3820048656?refId=cPxqRZIsn5b5jZfbxSFWRQ%3D%3D&trackingId=3LaA6fKgV3lKlyM%2BT8Ysvg%3D%3D&position=17&pageNum=1&trk=public_jobs_jserp-result_search-card,1 week ago,Visionaire Partners,https://www.linkedin.com/company/visionaire-partners?trk=public_jobs_jserp-result_job-search-card-subtitle,"Atlanta, GA"
Jr. Data Analyst,https://www.linkedin.com/jobs/view/jr-data-analyst-at-horizontal-talent-3818492645?refId=cPxqRZIsn5b5jZfbxSFWRQ%3D%3D&trackingId=XgqATuU5JuamW6bw9Ab8zw%3D%3D&position=18&pageNum=1&trk=public_jobs_jserp-result_search-card,1 week ago,Horizontal Talent,https://www.linkedin.com/company/horizontal-talent?trk=public_jobs_jserp-result_job-search-card-subtitle,"Richfield, MN"
Data Analyst,https://www.linkedin.com/jobs/view/data-analyst-at-lingatech-3822104816?refId=cPxqRZIsn5b5jZfbxSFWRQ%3D%3D&trackingId=iRSvrfhYOqfKt03rIppIFw%3D%3D&position=19&pageNum=1&trk=public_jobs_jserp-result_search-card,20 hours ago,LingaTech,https://www.linkedin.com/company/lingatech?trk=public_jobs_jserp-result_job-search-card-subtitle,United States
"Market Data Analyst, Intern",https://www.linkedin.com/jobs/view/market-data-analyst-intern-at-e-l-f-beauty-3804185298?refId=cPxqRZIsn5b5jZfbxSFWRQ%3D%3D&trackingId=y2h%2FxBW8UGJrtlRf6wyyhQ%3D%3D&position=20&pageNum=1&trk=public_jobs_jserp-result_search-card,3 weeks ago,E.L.F. BEAUTY,https://www.linkedin.com/company/e-l-f-beauty?trk=public_jobs_jserp-result_job-search-card-subtitle,United States
Junior Data Analyst,https://www.linkedin.com/jobs/view/junior-data-analyst-at-aretum-3815318012?refId=cPxqRZIsn5b5jZfbxSFWRQ%3D%3D&trackingId=3K7oZ%2B9E67PKVyvFA4JjGg%3D%3D&position=21&pageNum=1&trk=public_jobs_jserp-result_search-card,2 weeks ago,ARETUM,https://www.linkedin.com/company/aretum-holdings-llc?trk=public_jobs_jserp-result_job-search-card-subtitle,United States
Data Analyst,https://www.linkedin.com/jobs/view/data-analyst-at-trigent-solutions-inc-3812314851?refId=cPxqRZIsn5b5jZfbxSFWRQ%3D%3D&trackingId=vWyu%2BbG3kx19nSNXGCIUfg%3D%3D&position=22&pageNum=1&trk=public_jobs_jserp-result_search-card,2 weeks ago,Trigent Solutions Inc.,https://www.linkedin.com/company/trigent-solutions?trk=public_jobs_jserp-result_job-search-card-subtitle,"Atlanta, GA"
Data Insights Analyst,https://www.linkedin.com/jobs/view/data-insights-analyst-at-harvey-nash-3809697852?refId=cPxqRZIsn5b5jZfbxSFWRQ%3D%3D&trackingId=GQvkrHgIfA8D08HKN5it9A%3D%3D&position=23&pageNum=1&trk=public_jobs_jserp-result_search-card,2 weeks ago,Harvey Nash,https://uk.linkedin.com/company/harvey-nash?trk=public_jobs_jserp-result_job-search-card-subtitle,United States
Jr Data Analyst,https://www.linkedin.com/jobs/view/jr-data-analyst-at-asta-crs-inc-3826602793?refId=cPxqRZIsn5b5jZfbxSFWRQ%3D%3D&trackingId=sNe8jc0B6TvE29p%2BZTgtJg%3D%3D&position=24&pageNum=1&trk=public_jobs_jserp-result_search-card,8 hours ago,Asta Crs Inc,https://www.linkedin.com/company/asta-crs-inc.?trk=public_jobs_jserp-result_job-search-card-subtitle,"Manassas, VA"
"Data Analyst, Hybrid",https://www.linkedin.com/jobs/view/data-analyst-hybrid-at-university-of-maryland-medical-system-3826194710?refId=cPxqRZIsn5b5jZfbxSFWRQ%3D%3D&trackingId=wvvZihW2IaCiVKZxi2LgXg%3D%3D&position=25&pageNum=1&trk=public_jobs_jserp-result_search-card,16 hours ago,University of Maryland Medical System,https://www.linkedin.com/company/ummedicalsystem?trk=public_jobs_jserp-result_job-search-card-subtitle,"Towson, MD"
Data Analyst 1,https://www.linkedin.com/jobs/view/data-analyst-1-at-analytic-solutions-group-3826318939?refId=TfkaWda6BusZEzqz0Ynb3A%3D%3D&trackingId=gaBvu5nOBR9NgO%2FYkqrpdw%3D%3D&position=1&pageNum=2&trk=public_jobs_jserp-result_search-card,15 hours ago,Analytic Solutions Group,https://www.linkedin.com/company/analytic-solutions-group?trk=public_jobs_jserp-result_job-search-card-subtitle,"McLean, VA"
"Data Analyst (Hybrid- Exton, PA)",https://www.linkedin.com/jobs/view/data-analyst-hybrid-exton-pa-at-spherix-global-insights-3814082159?refId=TfkaWda6BusZEzqz0Ynb3A%3D%3D&trackingId=QHCvQZghestvLp7UpL36xw%3D%3D&position=2&pageNum=2&trk=public_jobs_jserp-result_search-card,3 weeks ago,Spherix Global Insights,https://www.linkedin.com/company/spherix-global-insights?trk=public_jobs_jserp-result_job-search-card-subtitle,"Exton, PA"
Data Analyst,https://www.linkedin.com/jobs/view/data-analyst-at-northpoint-recovery-3807332867?refId=TfkaWda6BusZEzqz0Ynb3A%3D%3D&trackingId=aUEm%2FEBxOJn8UewJzFCB3A%3D%3D&position=3&pageNum=2&trk=public_jobs_jserp-result_search-card,3 weeks ago,Northpoint Recovery,https://www.linkedin.com/company/northpoint-recovery?trk=public_jobs_jserp-result_job-search-card-subtitle,"Boise, ID"
Data Analyst,https://www.linkedin.com/jobs/view/data-analyst-at-energyhub-3826826451?refId=TfkaWda6BusZEzqz0Ynb3A%3D%3D&trackingId=4d1B3ZdVR8wjaDJt%2F1FjtQ%3D%3D&position=4&pageNum=2&trk=public_jobs_jserp-result_search-card,20 minutes ago,EnergyHub,https://www.linkedin.com/company/energyhub?trk=public_jobs_jserp-result_job-search-card-subtitle,United States
Data analyst I-Orlando Florida 32826,https://www.linkedin.com/jobs/view/data-analyst-i-orlando-florida-32826-at-estaffing-inc-3811788957?refId=TfkaWda6BusZEzqz0Ynb3A%3D%3D&trackingId=uKnTEla8Eq%2BIa45E%2Fcg8wQ%3D%3D&position=5&pageNum=2&trk=public_jobs_jserp-result_search-card,3 weeks ago,eStaffing Inc.,https://www.linkedin.com/company/estaffinginc?trk=public_jobs_jserp-result_job-search-card-subtitle,"Orlando, FL"
Data Analyst,https://www.linkedin.com/jobs/view/data-analyst-at-stripe-3802580013?refId=TfkaWda6BusZEzqz0Ynb3A%3D%3D&trackingId=I1RksSRaL1ttCTGMEbSG7A%3D%3D&position=6&pageNum=2&trk=public_jobs_jserp-result_search-card,1 month ago,Stripe,https://www.linkedin.com/company/stripe?trk=public_jobs_jserp-result_job-search-card-subtitle,United States
Data Analyst (Entry Level 0- 5 Years Experience),https://www.linkedin.com/jobs/view/data-analyst-entry-level-0-5-years-experience-at-fpc-fortune-personnel-consultants-orlando-office-3816107199?refId=TfkaWda6BusZEzqz0Ynb3A%3D%3D&trackingId=kviiYbNQQV01QLYZRvpUWg%3D%3D&position=7&pageNum=2&trk=public_jobs_jserp-result_search-card,1 week ago,FPC - FORTUNE PERSONNEL CONSULTANTS (Orlando Office),https://www.linkedin.com/company/fpcrecruiter?trk=public_jobs_jserp-result_job-search-card-subtitle,"Plainfield, IN"
Data Visualization/ Analyst,https://www.linkedin.com/jobs/view/data-visualization-analyst-at-innova-solutions-3826466612?refId=TfkaWda6BusZEzqz0Ynb3A%3D%3D&trackingId=eDrWaBIGNc4tuHA0g%2BFoGw%3D%3D&position=8&pageNum=2&trk=public_jobs_jserp-result_search-card,1 hour ago,Innova Solutions,https://www.linkedin.com/company/innova-solutions?trk=public_jobs_jserp-result_job-search-card-subtitle,"Reston, VA"
Data Analyst,https://www.linkedin.com/jobs/view/data-analyst-at-logic20-20-inc-3819273738?refId=TfkaWda6BusZEzqz0Ynb3A%3D%3D&trackingId=ZvGetpDW4l4Gg0X7IWbh0Q%3D%3D&position=9&pageNum=2&trk=public_jobs_jserp-result_search-card,1 week ago,"Logic20/20, Inc.",https://www.linkedin.com/company/logic20-20-inc-?trk=public_jobs_jserp-result_job-search-card-subtitle,"San Francisco, CA"
Data Analyst (Corporate Finance),https://www.linkedin.com/jobs/view/data-analyst-corporate-finance-at-trove-brands-3821224564?refId=TfkaWda6BusZEzqz0Ynb3A%3D%3D&trackingId=qEAzZPk3vZAEgQwA2FuGog%3D%3D&position=10&pageNum=2&trk=public_jobs_jserp-result_search-card,1 week ago,Trove Brands,https://www.linkedin.com/company/trove-brands?trk=public_jobs_jserp-result_job-search-card-subtitle,"Lehi, UT"
Data Analyst Supply Chain,https://www.linkedin.com/jobs/view/data-analyst-supply-chain-at-the-home-depot-3814300945?refId=TfkaWda6BusZEzqz0Ynb3A%3D%3D&trackingId=FIeqOoTkdsLbn1aN4WjzOw%3D%3D&position=11&pageNum=2&trk=public_jobs_jserp-result_search-card,2 weeks ago,The Home Depot,https://www.linkedin.com/company/the-home-depot?trk=public_jobs_jserp-result_job-search-card-subtitle,"Tallahassee, FL"
Data Analyst,https://www.linkedin.com/jobs/view/data-analyst-at-huyett-3826644100?refId=TfkaWda6BusZEzqz0Ynb3A%3D%3D&trackingId=xF%2B8ESzMYztjzGfzHsl3hQ%3D%3D&position=12&pageNum=2&trk=public_jobs_jserp-result_search-card,7 hours ago,Huyett,https://www.linkedin.com/company/g.l.-huyett?trk=public_jobs_jserp-result_job-search-card-subtitle,"Sidney, NE"
Data Analyst,https://www.linkedin.com/jobs/view/data-analyst-at-lone-wolf-technologies-3818545744?refId=TfkaWda6BusZEzqz0Ynb3A%3D%3D&trackingId=O2zok0vGShArHhYj92HfMA%3D%3D&position=13&pageNum=2&trk=public_jobs_jserp-result_search-card,1 week ago,Lone Wolf Technologies,https://ca.linkedin.com/company/getlwolf?trk=public_jobs_jserp-result_job-search-card-subtitle,"New York, United States"
SQL Data Analyst,https://www.linkedin.com/jobs/view/sql-data-analyst-at-compunnel-inc-3826801510?refId=TfkaWda6BusZEzqz0Ynb3A%3D%3D&trackingId=Pif0isFprSiKOiq4NqGQsw%3D%3D&position=14&pageNum=2&trk=public_jobs_jserp-result_search-card,2 hours ago,Compunnel Inc.,https://www.linkedin.com/company/compunnel-software-group?trk=public_jobs_jserp-result_job-search-card-subtitle,San Francisco Bay Area
Data Analyst,https://www.linkedin.com/jobs/view/data-analyst-at-huyett-3826392710?refId=TfkaWda6BusZEzqz0Ynb3A%3D%3D&trackingId=DUd7OWj6YDU87FDVTGBIjQ%3D%3D&position=15&pageNum=2&trk=public_jobs_jserp-result_search-card,9 hours ago,Huyett,https://www.linkedin.com/company/g.l.-huyett?trk=public_jobs_jserp-result_job-search-card-subtitle,"Salina, KS"
Data Analyst I,https://www.linkedin.com/jobs/view/data-analyst-i-at-intellectt-inc-3807120271?refId=TfkaWda6BusZEzqz0Ynb3A%3D%3D&trackingId=s0knEJYd6M47HtlHYrEVOQ%3D%3D&position=16&pageNum=2&trk=public_jobs_jserp-result_search-card,3 weeks ago,Intellectt Inc,https://www.linkedin.com/company/intellecttinc?trk=public_jobs_jserp-result_job-search-card-subtitle,"Abbott, TX"
Data Analyst,https://www.linkedin.com/jobs/view/data-analyst-at-abidi-solutions-3826084550?refId=TfkaWda6BusZEzqz0Ynb3A%3D%3D&trackingId=bhTyk5eAYTjbxPWxaX1xfg%3D%3D&position=17&pageNum=2&trk=public_jobs_jserp-result_search-card,5 hours ago,Abidi Solutions,https://www.linkedin.com/company/abidi-solutions?trk=public_jobs_jserp-result_job-search-card-subtitle,United States
Data Analyst,https://www.linkedin.com/jobs/view/data-analyst-at-the-iowa-clinic-3820015269?refId=TfkaWda6BusZEzqz0Ynb3A%3D%3D&trackingId=KmilYjaCAN2TDTB6tCzMmg%3D%3D&position=18&pageNum=2&trk=public_jobs_jserp-result_search-card,1 week ago,The Iowa Clinic,https://www.linkedin.com/company/the-iowa-clinic?trk=public_jobs_jserp-result_job-search-card-subtitle,"West Des Moines, IA"
Data Analyst,https://www.linkedin.com/jobs/view/data-analyst-at-leadstack-inc-3808065072?refId=TfkaWda6BusZEzqz0Ynb3A%3D%3D&trackingId=qQPV5lpo%2BRW49Q4Farg7EQ%3D%3D&position=19&pageNum=2&trk=public_jobs_jserp-result_search-card,3 weeks ago,LeadStack Inc.,https://www.linkedin.com/company/leadstack-inc.?trk=public_jobs_jserp-result_job-search-card-subtitle,"Sunnyvale, CA"
Analista de Dados (REMOTO),https://www.linkedin.com/jobs/view/analista-de-dados-remoto-at-doc9-3805644493?refId=TfkaWda6BusZEzqz0Ynb3A%3D%3D&trackingId=XELAVhSfdgK2b%2FE4oA3NdA%3D%3D&position=20&pageNum=2&trk=public_jobs_jserp-result_search-card,3 weeks ago,doc9,https://br.linkedin.com/company/doc9lawtech?trk=public_jobs_jserp-result_job-search-card-subtitle,United States
Data Analysts,https://www.linkedin.com/jobs/view/data-analysts-at-clifyx-3801113905?refId=TfkaWda6BusZEzqz0Ynb3A%3D%3D&trackingId=8ZEus07smG8vcYlSZZHllA%3D%3D&position=21&pageNum=2&trk=public_jobs_jserp-result_search-card,4 weeks ago,ClifyX,https://www.linkedin.com/company/clifyx?trk=public_jobs_jserp-result_job-search-card-subtitle,"Sunnyvale, CA"
Digital Data Analyst (Entry Level),https://www.linkedin.com/jobs/view/digital-data-analyst-entry-level-at-vyper-media-knowledge-3821197799?refId=TfkaWda6BusZEzqz0Ynb3A%3D%3D&trackingId=P5fgQGtOG1sV1gJCmIBo5A%3D%3D&position=22&pageNum=2&trk=public_jobs_jserp-result_search-card,5 hours ago,Vyper Media Knowledge,https://www.linkedin.com/company/vyper-media-knowledge?trk=public_jobs_jserp-result_job-search-card-subtitle,"New York, NY"
Data Analyst (Entry/Experienced),https://www.linkedin.com/jobs/view/data-analyst-entry-experienced-at-michelin-3812149304?refId=TfkaWda6BusZEzqz0Ynb3A%3D%3D&trackingId=otsb9jUdDG2p1kmXjuFzBw%3D%3D&position=23&pageNum=2&trk=public_jobs_jserp-result_search-card,1 week ago,Michelin,https://fr.linkedin.com/company/michelin?trk=public_jobs_jserp-result_job-search-card-subtitle,"Spartanburg, SC"
Data Analyst,https://www.linkedin.com/jobs/view/data-analyst-at-wiliot-3801198061?refId=TfkaWda6BusZEzqz0Ynb3A%3D%3D&trackingId=tFAJshMQxvzOx9%2BbetJL%2Fg%3D%3D&position=24&pageNum=2&trk=public_jobs_jserp-result_search-card,3 weeks ago,Wiliot,https://il.linkedin.com/company/wiliot?trk=public_jobs_jserp-result_job-search-card-subtitle,"Dallas, TX"
Data Analyst,https://www.linkedin.com/jobs/view/data-analyst-at-insight-global-3822116016?refId=ya3GklWdFdje8IGG4wTGMQ%3D%3D&trackingId=t%2BHrUu%2BO6anqgGO5W51AkA%3D%3D&position=1&pageNum=3&trk=public_jobs_jserp-result_search-card,3 hours ago,Insight Global,https://www.linkedin.com/company/insight-global?trk=public_jobs_jserp-result_job-search-card-subtitle,New York City Metropolitan Area
Marketing Data Analyst,https://www.linkedin.com/jobs/view/marketing-data-analyst-at-the-crox-group-3826812913?refId=ya3GklWdFdje8IGG4wTGMQ%3D%3D&trackingId=YCixwMfspe7flFH6m7I%2Fmg%3D%3D&position=2&pageNum=3&trk=public_jobs_jserp-result_search-card,1 hour ago,The Crox Group,https://www.linkedin.com/company/the-crox-group?trk=public_jobs_jserp-result_job-search-card-subtitle,"Naples, FL"
Data Analyst,https://www.linkedin.com/jobs/view/data-analyst-at-ageatia-global-solutions-3818383942?refId=ya3GklWdFdje8IGG4wTGMQ%3D%3D&trackingId=q5AopgkubqxVrAsCZ4KmWg%3D%3D&position=3&pageNum=3&trk=public_jobs_jserp-result_search-card,3 days ago,Ageatia Global Solutions,https://www.linkedin.com/company/ageatia?trk=public_jobs_jserp-result_job-search-card-subtitle,"Bentonville, AR"
Data Analyst 4 (HYBRID),https://www.linkedin.com/jobs/view/data-analyst-4-hybrid-at-serigor-inc-3821055248?refId=ya3GklWdFdje8IGG4wTGMQ%3D%3D&trackingId=8VQpaHdwGRKq2YFV96A9Zg%3D%3D&position=4&pageNum=3&trk=public_jobs_jserp-result_search-card,1 day ago,Serigor Inc,https://www.linkedin.com/company/serigor-inc?trk=public_jobs_jserp-result_job-search-card-subtitle,"Richmond, VA"
Data Analyst,https://www.linkedin.com/jobs/view/data-analyst-at-apex-systems-3818327021?refId=ya3GklWdFdje8IGG4wTGMQ%3D%3D&trackingId=44rh8zo9ni3%2BCskovhPdkw%3D%3D&position=5&pageNum=3&trk=public_jobs_jserp-result_search-card,4 days ago,Apex Systems,https://www.linkedin.com/company/apex-systems?trk=public_jobs_jserp-result_job-search-card-subtitle,"Charlotte, NC"
Data Analyst 4,https://www.linkedin.com/jobs/view/data-analyst-4-at-v-soft-consulting-group-inc-3820418873?refId=ya3GklWdFdje8IGG4wTGMQ%3D%3D&trackingId=s05QawiMWyPjJVFAlbHyuw%3D%3D&position=6&pageNum=3&trk=public_jobs_jserp-result_search-card,2 days ago,"V-Soft Consulting Group, Inc.",https://www.linkedin.com/company/vsoftconsulting?trk=public_jobs_jserp-result_job-search-card-subtitle,"Richmond, VA"
Data Analyst - Remote | WFH,https://www.linkedin.com/jobs/view/data-analyst-remote-wfh-at-get-it-recruit-transportation-3824287093?refId=ya3GklWdFdje8IGG4wTGMQ%3D%3D&trackingId=WAhzCJeD6aA0x6RlY1z29w%3D%3D&position=7&pageNum=3&trk=public_jobs_jserp-result_search-card,2 days ago,Get It Recruit - Transportation,https://www.linkedin.com/company/get-it-recruit-transportation?trk=public_jobs_jserp-result_job-search-card-subtitle,"Minneapolis–Saint Paul, WI"
Data Analyst,https://www.linkedin.com/jobs/view/data-analyst-at-iconma-3819986709?refId=ya3GklWdFdje8IGG4wTGMQ%3D%3D&trackingId=KdJ1qwcr0U8OmkrsksYiwg%3D%3D&position=8&pageNum=3&trk=public_jobs_jserp-result_search-card,2 days ago,ICONMA,https://www.linkedin.com/company/iconma?trk=public_jobs_jserp-result_job-search-card-subtitle,"Troy, MI"
Data Analyst,https://www.linkedin.com/jobs/view/data-analyst-at-sunrise-systems-inc-3818343446?refId=ya3GklWdFdje8IGG4wTGMQ%3D%3D&trackingId=B7Bdjx0XiGazX1T1RjzYbw%3D%3D&position=9&pageNum=3&trk=public_jobs_jserp-result_search-card,3 days ago,"Sunrise Systems, Inc.",https://www.linkedin.com/company/sunrise-systems-inc?trk=public_jobs_jserp-result_job-search-card-subtitle,"Lawrence, NJ"
Data Analyst,https://www.linkedin.com/jobs/view/data-analyst-at-verdant-infotech-solutions-3818361127?refId=ya3GklWdFdje8IGG4wTGMQ%3D%3D&trackingId=JXDuJR0gP8gebfbGDR82AA%3D%3D&position=10&pageNum=3&trk=public_jobs_jserp-result_search-card,3 days ago,Verdant Infotech Solutions,https://www.linkedin.com/company/verdant-infotech?trk=public_jobs_jserp-result_job-search-card-subtitle,"Lewisville, TX"
Data Analyst,https://www.linkedin.com/jobs/view/data-analyst-at-commonwealth-of-massachusetts-3825297383?refId=ya3GklWdFdje8IGG4wTGMQ%3D%3D&trackingId=JqwVDat0PwlMwImqVy6P2Q%3D%3D&position=11&pageNum=3&trk=public_jobs_jserp-result_search-card,2 days ago,Commonwealth of Massachusetts,https://www.linkedin.com/company/commonwealth-of-massachusetts?trk=public_jobs_jserp-result_job-search-card-subtitle,"Boston, MA"
Senior Data Analyst,https://www.linkedin.com/jobs/view/senior-data-analyst-at-brightwheel-3812003488?refId=ya3GklWdFdje8IGG4wTGMQ%3D%3D&trackingId=9rWyaL3m%2FOiAqUpTZVNJiA%3D%3D&position=12&pageNum=3&trk=public_jobs_jserp-result_search-card,2 weeks ago,brightwheel,https://www.linkedin.com/company/brightwheel?trk=public_jobs_jserp-result_job-search-card-subtitle,United States
Senior Data Analyst,https://www.linkedin.com/jobs/view/senior-data-analyst-at-insight-global-3817874983?refId=ya3GklWdFdje8IGG4wTGMQ%3D%3D&trackingId=injXOli6soIyEmovD1Wizw%3D%3D&position=13&pageNum=3&trk=public_jobs_jserp-result_search-card,4 days ago,Insight Global,https://www.linkedin.com/company/insight-global?trk=public_jobs_jserp-result_job-search-card-subtitle,"Sunrise, FL"
Entry Level Data Analyst (Remote),https://www.linkedin.com/jobs/view/entry-level-data-analyst-remote-at-synergisticit-3818363730?refId=ya3GklWdFdje8IGG4wTGMQ%3D%3D&trackingId=4gPwzHp4VtlVzinBOmlpKg%3D%3D&position=14&pageNum=3&trk=public_jobs_jserp-result_search-card,3 days ago,SynergisticIT,https://www.linkedin.com/company/synergisticit?trk=public_jobs_jserp-result_job-search-card-subtitle,"Yonkers, NY"
Data Analyst,https://www.linkedin.com/jobs/view/data-analyst-at-apex-systems-3818824176?refId=ya3GklWdFdje8IGG4wTGMQ%3D%3D&trackingId=kPmbUjC1Ymn%2BvHjGeVlpCw%3D%3D&position=15&pageNum=3&trk=public_jobs_jserp-result_search-card,3 days ago,Apex Systems,https://www.linkedin.com/company/apex-systems?trk=public_jobs_jserp-result_job-search-card-subtitle,"Salisbury, NC"
Junior Data Analyst,https://www.linkedin.com/jobs/view/junior-data-analyst-at-phoenix-recruitment-3826606120?refId=ya3GklWdFdje8IGG4wTGMQ%3D%3D&trackingId=A3jhWNSKShoi2dSQlyUjZg%3D%3D&position=16&pageNum=3&trk=public_jobs_jserp-result_search-card,7 hours ago,Phoenix Recruitment,https://www.linkedin.com/company/phoenix-recruitment-staffing?trk=public_jobs_jserp-result_job-search-card-subtitle,"Kansas City, MO"
ENTRY LEVEL DATA  ANALYST,https://www.linkedin.com/jobs/view/entry-level-data-analyst-at-synergisticit-3818363734?refId=ya3GklWdFdje8IGG4wTGMQ%3D%3D&trackingId=S4HCZMZoR7KGr%2BOUMYZ7ig%3D%3D&position=17&pageNum=3&trk=public_jobs_jserp-result_search-card,3 days ago,SynergisticIT,https://www.linkedin.com/company/synergisticit?trk=public_jobs_jserp-result_job-search-card-subtitle,"Houston, TX"
Data Analyst,https://www.linkedin.com/jobs/view/data-analyst-at-may-institute-3824807361?refId=ya3GklWdFdje8IGG4wTGMQ%3D%3D&trackingId=1rNtHwapcnAWa82aHFJgUA%3D%3D&position=18&pageNum=3&trk=public_jobs_jserp-result_search-card,2 days ago,May Institute,https://www.linkedin.com/company/the-may-institute?trk=public_jobs_jserp-result_job-search-card-subtitle,"Randolph, MA"
Data Analyst,https://www.linkedin.com/jobs/view/data-analyst-at-biospace-3826377631?refId=ya3GklWdFdje8IGG4wTGMQ%3D%3D&trackingId=4nwV7PyOCNoBsFq%2F5Fg3dw%3D%3D&position=19&pageNum=3&trk=public_jobs_jserp-result_search-card,10 hours ago,BioSpace,https://www.linkedin.com/company/biospaceinc?trk=public_jobs_jserp-result_job-search-card-subtitle,"Lebanon, IN"
Data Analyst - Junior,https://www.linkedin.com/jobs/view/data-analyst-junior-at-synergisticit-3818380405?refId=ya3GklWdFdje8IGG4wTGMQ%3D%3D&trackingId=bnBMGk9OBMtR9vgEa%2FUlbw%3D%3D&position=20&pageNum=3&trk=public_jobs_jserp-result_search-card,3 days ago,SynergisticIT,https://www.linkedin.com/company/synergisticit?trk=public_jobs_jserp-result_job-search-card-subtitle,"Los Angeles, CA"
Data Analyst,https://www.linkedin.com/jobs/view/data-analyst-at-on-board-companies-3782220996?refId=ya3GklWdFdje8IGG4wTGMQ%3D%3D&trackingId=Wwsr1Y6RVGXJ13eNcz3KUw%3D%3D&position=21&pageNum=3&trk=public_jobs_jserp-result_search-card,1 month ago,On-Board Companies,https://www.linkedin.com/company/on-board-companies?trk=public_jobs_jserp-result_job-search-card-subtitle,"Glen Mills, PA"
Data Analyst,https://www.linkedin.com/jobs/view/data-analyst-at-johnson-wales-university-3823895357?refId=ya3GklWdFdje8IGG4wTGMQ%3D%3D&trackingId=berghjZ6X8Mk6FIuOWsoug%3D%3D&position=22&pageNum=3&trk=public_jobs_jserp-result_search-card,2 days ago,Johnson & Wales University,https://www.linkedin.com/company/johnson-&-wales-university?trk=public_jobs_jserp-result_job-search-card-subtitle,"Providence, RI"
Data Analyst (Supply Chain Focus) - Hybrid,https://www.linkedin.com/jobs/view/data-analyst-supply-chain-focus-hybrid-at-bosch-usa-3822925208?refId=ya3GklWdFdje8IGG4wTGMQ%3D%3D&trackingId=EVcIi8U3wTRN5wp4xpnZOA%3D%3D&position=23&pageNum=3&trk=public_jobs_jserp-result_search-card,3 days ago,Bosch USA,https://www.linkedin.com/company/boschusa?trk=public_jobs_jserp-result_job-search-card-subtitle,"Oakbrook Terrace, IL"
Data Analyst,https://www.linkedin.com/jobs/view/data-analyst-at-infinite-computer-solutions-3819496329?refId=eszjEW9mSzysIKmGqBBaiQ%3D%3D&trackingId=UDdtuVS53ki%2B2q1XNwnqPA%3D%3D&position=1&pageNum=4&trk=public_jobs_jserp-result_search-card,2 days ago,Infinite Computer Solutions,https://www.linkedin.com/company/infinite-computer-solutions?trk=public_jobs_jserp-result_job-search-card-subtitle,"Ashburn, VA"
Data Analyst 1,https://www.linkedin.com/jobs/view/data-analyst-1-at-analytic-solutions-group-3826318939?refId=eszjEW9mSzysIKmGqBBaiQ%3D%3D&trackingId=JEbQ2YGumEFC%2FFTeMn%2Bn9Q%3D%3D&position=2&pageNum=4&trk=public_jobs_jserp-result_search-card,15 hours ago,Analytic Solutions Group,https://www.linkedin.com/company/analytic-solutions-group?trk=public_jobs_jserp-result_job-search-card-subtitle,"McLean, VA"
Data Analyst,https://www.linkedin.com/jobs/view/data-analyst-at-dot-foods-3820461931?refId=eszjEW9mSzysIKmGqBBaiQ%3D%3D&trackingId=TrtijDAcpE6m85h0oPY12A%3D%3D&position=3&pageNum=4&trk=public_jobs_jserp-result_search-card,2 days ago,Dot Foods,https://www.linkedin.com/company/dotfoods?trk=public_jobs_jserp-result_job-search-card-subtitle,"Chesterfield, MO"
Business Data Analyst,https://www.linkedin.com/jobs/view/business-data-analyst-at-milestone-technologies-inc-3819452447?refId=eszjEW9mSzysIKmGqBBaiQ%3D%3D&trackingId=mhxz2q7hMpVvluNheiSeXA%3D%3D&position=4&pageNum=4&trk=public_jobs_jserp-result_search-card,3 days ago,"Milestone Technologies, Inc.",https://www.linkedin.com/company/milestone-technologies?trk=public_jobs_jserp-result_job-search-card-subtitle,"Kissimmee, FL"
Data Analyst,https://www.linkedin.com/jobs/view/data-analyst-at-onward-technologies-limited-3825747763?refId=eszjEW9mSzysIKmGqBBaiQ%3D%3D&trackingId=4LpOo%2BPatIXKucyynLGeNA%3D%3D&position=5&pageNum=4&trk=public_jobs_jserp-result_search-card,1 day ago,Onward Technologies Limited,https://in.linkedin.com/company/onward-technologies?trk=public_jobs_jserp-result_job-search-card-subtitle,"Chicago, IL"
"Data Analyst, New Product Introduction Team",https://www.linkedin.com/jobs/view/data-analyst-new-product-introduction-team-at-tesla-3776141118?refId=eszjEW9mSzysIKmGqBBaiQ%3D%3D&trackingId=y2ywr54PV2ZuTJqbXRUi1g%3D%3D&position=6&pageNum=4&trk=public_jobs_jserp-result_search-card,2 days ago,Tesla,https://www.linkedin.com/company/tesla-motors?trk=public_jobs_jserp-result_job-search-card-subtitle,"Austin, TX"
Data Analyst,https://www.linkedin.com/jobs/view/data-analyst-at-greenstone-farm-credit-services-3819481799?refId=eszjEW9mSzysIKmGqBBaiQ%3D%3D&trackingId=y5Yn%2BBw7fMJVhNEj%2FF0AVQ%3D%3D&position=7&pageNum=4&trk=public_jobs_jserp-result_search-card,2 days ago,GreenStone Farm Credit Services,https://www.linkedin.com/company/greenstone-farm-credit-services?trk=public_jobs_jserp-result_job-search-card-subtitle,"East Lansing, MI"
"Analyst, Data Analytics",https://www.linkedin.com/jobs/view/analyst-data-analytics-at-edwards-lifesciences-3825245619?refId=eszjEW9mSzysIKmGqBBaiQ%3D%3D&trackingId=h0DO79pa%2BNAydvnelUgcZQ%3D%3D&position=8&pageNum=4&trk=public_jobs_jserp-result_search-card,1 day ago,Edwards Lifesciences,https://www.linkedin.com/company/edwards-lifesciences?trk=public_jobs_jserp-result_job-search-card-subtitle,"Portland, OR"
Data Analytics - Data Analyst,https://www.linkedin.com/jobs/view/data-analytics-data-analyst-at-acs-consultancy-services-inc-3825064980?refId=eszjEW9mSzysIKmGqBBaiQ%3D%3D&trackingId=4N2rtonWMP9anoc5gI0p%2FA%3D%3D&position=9&pageNum=4&trk=public_jobs_jserp-result_search-card,1 day ago,"ACS Consultancy Services, Inc",https://www.linkedin.com/company/acs-consultancyservices-inc?trk=public_jobs_jserp-result_job-search-card-subtitle,United States
Data Analyst I,https://www.linkedin.com/jobs/view/data-analyst-i-at-global-technical-talent-an-inc-5000-company-3822120375?refId=eszjEW9mSzysIKmGqBBaiQ%3D%3D&trackingId=O8QbOTN4KjISZhbh5tr%2BRA%3D%3D&position=10&pageNum=4&trk=public_jobs_jserp-result_search-card,2 hours ago,"Global Technical Talent, an Inc. 5000 Company",https://www.linkedin.com/company/global-technical-talent?trk=public_jobs_jserp-result_job-search-card-subtitle,"North Chicago, IL"
Data Analyst,https://www.linkedin.com/jobs/view/data-analyst-at-turnberry-solutions-3823254390?refId=eszjEW9mSzysIKmGqBBaiQ%3D%3D&trackingId=ta%2BKHBgjQolNmCOdQIPsiQ%3D%3D&position=11&pageNum=4&trk=public_jobs_jserp-result_search-card,3 days ago,Turnberry Solutions,https://www.linkedin.com/company/turnberrysolutions?trk=public_jobs_jserp-result_job-search-card-subtitle,"Philadelphia, PA"
Data Analyst,https://www.linkedin.com/jobs/view/data-analyst-at-soulcycle-inc-3824982297?refId=eszjEW9mSzysIKmGqBBaiQ%3D%3D&trackingId=lue7O1ZCWEYclr0DSVHezw%3D%3D&position=12&pageNum=4&trk=public_jobs_jserp-result_search-card,2 days ago,SoulCycle Inc.,https://www.linkedin.com/company/soulcycle?trk=public_jobs_jserp-result_job-search-card-subtitle,"New York, NY"
Data Analyst,https://www.linkedin.com/jobs/view/data-analyst-at-dot-foods-3820461930?refId=eszjEW9mSzysIKmGqBBaiQ%3D%3D&trackingId=743kfAC08SDAEnCkPUVbrw%3D%3D&position=13&pageNum=4&trk=public_jobs_jserp-result_search-card,2 days ago,Dot Foods,https://www.linkedin.com/company/dotfoods?trk=public_jobs_jserp-result_job-search-card-subtitle,"Mount Sterling, IL"
Data Analyst,https://www.linkedin.com/jobs/view/data-analyst-at-acs-consultancy-services-inc-3823363180?refId=eszjEW9mSzysIKmGqBBaiQ%3D%3D&trackingId=rFu%2FX1ug2a1fISFFqSNGfQ%3D%3D&position=14&pageNum=4&trk=public_jobs_jserp-result_search-card,2 days ago,"ACS Consultancy Services, Inc",https://www.linkedin.com/company/acs-consultancyservices-inc?trk=public_jobs_jserp-result_job-search-card-subtitle,"Albany, NY"
Data Analyst,https://www.linkedin.com/jobs/view/data-analyst-at-laserfiche-3823896735?refId=eszjEW9mSzysIKmGqBBaiQ%3D%3D&trackingId=Mexk%2F%2FLddcDji79P3xtNkg%3D%3D&position=15&pageNum=4&trk=public_jobs_jserp-result_search-card,2 days ago,Laserfiche,https://www.linkedin.com/company/laserfiche?trk=public_jobs_jserp-result_job-search-card-subtitle,"Long Beach, CA"
"Data Analyst, Risk Management",https://www.linkedin.com/jobs/view/data-analyst-risk-management-at-american-integrity-insurance-company-3823042168?refId=eszjEW9mSzysIKmGqBBaiQ%3D%3D&trackingId=%2B5QGA6nVsJZO5AcLWIbZMA%3D%3D&position=16&pageNum=4&trk=public_jobs_jserp-result_search-card,3 days ago,American Integrity Insurance Company,https://www.linkedin.com/company/american-integrity-insurance-company?trk=public_jobs_jserp-result_job-search-card-subtitle,"Tampa, FL"
Data Visualization/ Analyst,https://www.linkedin.com/jobs/view/data-visualization-analyst-at-innova-solutions-3826466612?refId=eszjEW9mSzysIKmGqBBaiQ%3D%3D&trackingId=x%2Bpa%2FYETfga4A3%2BzuS9wYw%3D%3D&position=17&pageNum=4&trk=public_jobs_jserp-result_search-card,1 hour ago,Innova Solutions,https://www.linkedin.com/company/innova-solutions?trk=public_jobs_jserp-result_job-search-card-subtitle,"Reston, VA"
"Analyst, Data Analytics",https://www.linkedin.com/jobs/view/analyst-data-analytics-at-edwards-lifesciences-3825241852?refId=eszjEW9mSzysIKmGqBBaiQ%3D%3D&trackingId=5cJiV8NG1mnmblKjsXMVng%3D%3D&position=18&pageNum=4&trk=public_jobs_jserp-result_search-card,1 day ago,Edwards Lifesciences,https://www.linkedin.com/company/edwards-lifesciences?trk=public_jobs_jserp-result_job-search-card-subtitle,Greater Billings Area
Data Analyst,https://www.linkedin.com/jobs/view/data-analyst-at-carebridge-3825307097?refId=eszjEW9mSzysIKmGqBBaiQ%3D%3D&trackingId=QEU1rsFLoilSpKljhIg%2BWg%3D%3D&position=19&pageNum=4&trk=public_jobs_jserp-result_search-card,22 hours ago,CareBridge,https://www.linkedin.com/company/carebridge-health?trk=public_jobs_jserp-result_job-search-card-subtitle,"Nashville, TN"
Data Analyst,https://www.linkedin.com/jobs/view/data-analyst-at-the-phoenix-group-3823032533?refId=eszjEW9mSzysIKmGqBBaiQ%3D%3D&trackingId=B5vsJo%2BLTDuaK2dKIRiFxg%3D%3D&position=20&pageNum=4&trk=public_jobs_jserp-result_search-card,19 minutes ago,The Phoenix Group,https://www.linkedin.com/company/the-phoenix-group_3?trk=public_jobs_jserp-result_job-search-card-subtitle,"New York, NY"
Data Analyst,https://www.linkedin.com/jobs/view/data-analyst-at-evoke-consulting-llc-3821033458?refId=eszjEW9mSzysIKmGqBBaiQ%3D%3D&trackingId=SXkD8n6Rfin3U9N6AyMGpw%3D%3D&position=21&pageNum=4&trk=public_jobs_jserp-result_search-card,1 day ago,"Evoke Consulting, LLC",https://www.linkedin.com/company/evoke-consulting-llc?trk=public_jobs_jserp-result_job-search-card-subtitle,"Washington, DC"
"Data Analyst, Center of Excellence",https://www.linkedin.com/jobs/view/data-analyst-center-of-excellence-at-monster-energy-3822974593?refId=eszjEW9mSzysIKmGqBBaiQ%3D%3D&trackingId=%2B0gMHkdQIhDKdNMq4053EA%3D%3D&position=22&pageNum=4&trk=public_jobs_jserp-result_search-card,3 days ago,Monster Energy,https://www.linkedin.com/company/monsterenergy?trk=public_jobs_jserp-result_job-search-card-subtitle,"Corona, CA"
Finance Data Analyst I,https://www.linkedin.com/jobs/view/finance-data-analyst-i-at-kimball-midwest-3825227266?refId=eszjEW9mSzysIKmGqBBaiQ%3D%3D&trackingId=pH6CfoaiI0Jx2WS%2FCQf%2B1g%3D%3D&position=23&pageNum=4&trk=public_jobs_jserp-result_search-card,1 day ago,Kimball Midwest,https://www.linkedin.com/company/kimball-midwest?trk=public_jobs_jserp-result_job-search-card-subtitle,"Columbus, OH"
Data Analyst,https://www.linkedin.com/jobs/view/data-analyst-at-albert-einstein-college-of-medicine-3768606644?refId=eszjEW9mSzysIKmGqBBaiQ%3D%3D&trackingId=2JlOfbJuwGihuDBZb%2FwvAg%3D%3D&position=24&pageNum=4&trk=public_jobs_jserp-result_search-card,2 weeks ago,Albert Einstein College of Medicine,https://www.linkedin.com/company/albert-einstein-college-of-medicine?trk=public_jobs_jserp-result_job-search-card-subtitle,"Bronx, NY"
Senior Data Analyst,https://www.linkedin.com/jobs/view/senior-data-analyst-at-proven-skincare-3820425009?refId=eszjEW9mSzysIKmGqBBaiQ%3D%3D&trackingId=K5qHZnS2WOVDcHhm7e4u6g%3D%3D&position=25&pageNum=4&trk=public_jobs_jserp-result_search-card,2 days ago,PROVEN Skincare,https://www.linkedin.com/company/provenskincare?trk=public_jobs_jserp-result_job-search-card-subtitle,United States
Senior Data Analyst,https://www.linkedin.com/jobs/view/senior-data-analyst-at-focuskpi-inc-3818548233?refId=%2FckY4XTzC86Hk18raA7sFA%3D%3D&trackingId=wifBEd3EAV3ClWqiWJzuGg%3D%3D&position=1&pageNum=5&trk=public_jobs_jserp-result_search-card,1 week ago,"FocusKPI, Inc.",https://www.linkedin.com/company/focuskpi?trk=public_jobs_jserp-result_job-search-card-subtitle,"San Jose, CA"
Business/Data Analyst,https://www.linkedin.com/jobs/view/business-data-analyst-at-accroid-inc-3805620810?refId=%2FckY4XTzC86Hk18raA7sFA%3D%3D&trackingId=dkroifKwJ6CfwX5hdxzU5g%3D%3D&position=2&pageNum=5&trk=public_jobs_jserp-result_search-card,3 weeks ago,Accroid Inc,https://www.linkedin.com/company/accroid-inc?trk=public_jobs_jserp-result_job-search-card-subtitle,"Boston, MA"
Data Analyst,https://www.linkedin.com/jobs/view/data-analyst-at-huyett-3826644100?refId=%2FckY4XTzC86Hk18raA7sFA%3D%3D&trackingId=GMw%2B73SFVWsmty7HWypVkw%3D%3D&position=3&pageNum=5&trk=public_jobs_jserp-result_search-card,7 hours ago,Huyett,https://www.linkedin.com/company/g.l.-huyett?trk=public_jobs_jserp-result_job-search-card-subtitle,"Sidney, NE"
Data Analyst,https://www.linkedin.com/jobs/view/data-analyst-at-liberty-personnel-services-inc-3820028643?refId=%2FckY4XTzC86Hk18raA7sFA%3D%3D&trackingId=tb%2FLLukI4J%2BJc2X%2By6BJPA%3D%3D&position=4&pageNum=5&trk=public_jobs_jserp-result_search-card,4 days ago,"Liberty Personnel Services, Inc.",https://www.linkedin.com/company/liberty-personnel-services-inc?trk=public_jobs_jserp-result_job-search-card-subtitle,"New York, NY"
Excel Data Analyst (Remote),https://www.linkedin.com/jobs/view/excel-data-analyst-remote-at-conexess-group-3805528222?refId=%2FckY4XTzC86Hk18raA7sFA%3D%3D&trackingId=W5%2FnhHacDOZBSnVozPXemA%3D%3D&position=5&pageNum=5&trk=public_jobs_jserp-result_search-card,1 week ago,Conexess Group,https://www.linkedin.com/company/conexess-group?trk=public_jobs_jserp-result_job-search-card-subtitle,"Chattanooga, TN"
Data Analyst- Junior- Full Time - Remote,https://www.linkedin.com/jobs/view/data-analyst-junior-full-time-remote-at-opinion-focus-panel-llc-3825373257?refId=%2FckY4XTzC86Hk18raA7sFA%3D%3D&trackingId=ykF4AffElc8p%2FL2J76GNvw%3D%3D&position=6&pageNum=5&trk=public_jobs_jserp-result_search-card,18 hours ago,Opinion Focus Panel LLC,https://www.linkedin.com/company/opinion-focus-panel-llc?trk=public_jobs_jserp-result_job-search-card-subtitle,United States
Business Data Analyst//pay rate: $43.20/hr,https://www.linkedin.com/jobs/view/business-data-analyst-pay-rate-%2443-20-hr-at-stellar-professionals-3812323457?refId=%2FckY4XTzC86Hk18raA7sFA%3D%3D&trackingId=xFX1fgk%2FyUswj%2Bq%2FE2HHvA%3D%3D&position=7&pageNum=5&trk=public_jobs_jserp-result_search-card,2 weeks ago,Stellar Professionals,https://www.linkedin.com/company/stellar-professionals?trk=public_jobs_jserp-result_job-search-card-subtitle,"Indianapolis, IN"
Financial Data Analyst,https://www.linkedin.com/jobs/view/financial-data-analyst-at-dsi-3815902721?refId=%2FckY4XTzC86Hk18raA7sFA%3D%3D&trackingId=5BN512wPDGgb2bqKSLwTAQ%3D%3D&position=8&pageNum=5&trk=public_jobs_jserp-result_search-card,1 week ago,DSI,https://www.linkedin.com/company/dsi-systems-inc-?trk=public_jobs_jserp-result_job-search-card-subtitle,"Urbandale, IA"
"Data Analyst, Remote",https://www.linkedin.com/jobs/view/data-analyst-remote-at-stellent-it-3816908119?refId=%2FckY4XTzC86Hk18raA7sFA%3D%3D&trackingId=Wgp%2BlfLKPf5HntJlW4H5rw%3D%3D&position=9&pageNum=5&trk=public_jobs_jserp-result_search-card,1 month ago,Stellent IT,https://www.linkedin.com/company/stellent-it?trk=public_jobs_jserp-result_job-search-card-subtitle,United States
Sustainability Data Analyst,https://www.linkedin.com/jobs/view/sustainability-data-analyst-at-worldly-3820991934?refId=%2FckY4XTzC86Hk18raA7sFA%3D%3D&trackingId=Ay3ty%2BmSx6raICboDNAB8A%3D%3D&position=10&pageNum=5&trk=public_jobs_jserp-result_search-card,6 days ago,Worldly,https://www.linkedin.com/company/worldlyio?trk=public_jobs_jserp-result_job-search-card-subtitle,"Kensington, CA"
Data Analyst,https://www.linkedin.com/jobs/view/data-analyst-at-shiftcode-analytics-inc-3820726938?refId=%2FckY4XTzC86Hk18raA7sFA%3D%3D&trackingId=EkCBfL3xz33wLlwnoMTZng%3D%3D&position=11&pageNum=5&trk=public_jobs_jserp-result_search-card,1 week ago,"ShiftCode Analytics, Inc.",https://www.linkedin.com/company/shiftcode-analytics-inc?trk=public_jobs_jserp-result_job-search-card-subtitle,"Chicago, IL"
Data Analyst,https://www.linkedin.com/jobs/view/data-analyst-at-steneral-consulting-3801549982?refId=%2FckY4XTzC86Hk18raA7sFA%3D%3D&trackingId=AmRGPrwDIxdecA6pGlkyHw%3D%3D&position=12&pageNum=5&trk=public_jobs_jserp-result_search-card,1 month ago,Steneral Consulting,https://www.linkedin.com/company/steneral-consulting?trk=public_jobs_jserp-result_job-search-card-subtitle,United States
Data Analyst,https://www.linkedin.com/jobs/view/data-analyst-at-tickpick-3813168674?refId=%2FckY4XTzC86Hk18raA7sFA%3D%3D&trackingId=nuhTzkFY94lMbryix8efBA%3D%3D&position=13&pageNum=5&trk=public_jobs_jserp-result_search-card,1 week ago,TickPick,https://www.linkedin.com/company/tickpick?trk=public_jobs_jserp-result_job-search-card-subtitle,"New York, NY"
Data analyst I-Orlando Florida 32826,https://www.linkedin.com/jobs/view/data-analyst-i-orlando-florida-32826-at-estaffing-inc-3811788957?refId=%2FckY4XTzC86Hk18raA7sFA%3D%3D&trackingId=rxtvL0xtl9G3%2F%2BEWN2h%2F%2Fw%3D%3D&position=14&pageNum=5&trk=public_jobs_jserp-result_search-card,3 weeks ago,eStaffing Inc.,https://www.linkedin.com/company/estaffinginc?trk=public_jobs_jserp-result_job-search-card-subtitle,"Orlando, FL"
Data Analyst,https://www.linkedin.com/jobs/view/data-analyst-at-mhk-tech-inc-3814969481?refId=%2FckY4XTzC86Hk18raA7sFA%3D%3D&trackingId=rhuR0zzgCbOKCMFUvCyHag%3D%3D&position=15&pageNum=5&trk=public_jobs_jserp-result_search-card,2 weeks ago,MHK TECH INC,https://www.linkedin.com/company/mhktechinc?trk=public_jobs_jserp-result_job-search-card-subtitle,"Dallas, TX"
Data Analyst (Corporate Finance),https://www.linkedin.com/jobs/view/data-analyst-corporate-finance-at-trove-brands-3821224564?refId=%2FckY4XTzC86Hk18raA7sFA%3D%3D&trackingId=BrLQUgdWNM472h%2BvNi%2B%2F7g%3D%3D&position=16&pageNum=5&trk=public_jobs_jserp-result_search-card,1 week ago,Trove Brands,https://www.linkedin.com/company/trove-brands?trk=public_jobs_jserp-result_job-search-card-subtitle,"Lehi, UT"
Data Analyst,https://www.linkedin.com/jobs/view/data-analyst-at-energyhub-3826826451?refId=%2FckY4XTzC86Hk18raA7sFA%3D%3D&trackingId=2jVinHMLnRaD0YKC%2BB5SBQ%3D%3D&position=17&pageNum=5&trk=public_jobs_jserp-result_search-card,20 minutes ago,EnergyHub,https://www.linkedin.com/company/energyhub?trk=public_jobs_jserp-result_job-search-card-subtitle,United States
Entry Level Data Analyst (Remote),https://www.linkedin.com/jobs/view/entry-level-data-analyst-remote-at-synergisticit-3820731326?refId=%2FckY4XTzC86Hk18raA7sFA%3D%3D&trackingId=X6nePNyw%2BB9t1ygN7WsMwQ%3D%3D&position=18&pageNum=5&trk=public_jobs_jserp-result_search-card,1 week ago,SynergisticIT,https://www.linkedin.com/company/synergisticit?trk=public_jobs_jserp-result_job-search-card-subtitle,"San Jose, CA"
Data Analyst,https://www.linkedin.com/jobs/view/data-analyst-at-northpoint-recovery-3807332867?refId=%2FckY4XTzC86Hk18raA7sFA%3D%3D&trackingId=0UWluqOH5MhEtAtEvA0MEA%3D%3D&position=19&pageNum=5&trk=public_jobs_jserp-result_search-card,3 weeks ago,Northpoint Recovery,https://www.linkedin.com/company/northpoint-recovery?trk=public_jobs_jserp-result_job-search-card-subtitle,"Boise, ID"
Data Analyst- Junior- Full Time - Remote,https://www.linkedin.com/jobs/view/data-analyst-junior-full-time-remote-at-opinion-focus-panel-llc-3825373257?refId=tTDc7yYgVuvrQQa%2BSpJAbg%3D%3D&trackingId=9sIjHp8ad%2Bwim2k3ITwQ1w%3D%3D&position=1&pageNum=6&trk=public_jobs_jserp-result_search-card,18 hours ago,Opinion Focus Panel LLC,https://www.linkedin.com/company/opinion-focus-panel-llc?trk=public_jobs_jserp-result_job-search-card-subtitle,United States
Senior Data Analyst,https://www.linkedin.com/jobs/view/senior-data-analyst-at-workforce-connections-3799708319?refId=tTDc7yYgVuvrQQa%2BSpJAbg%3D%3D&trackingId=P%2FqzvglYfy8gTbWEnGti0Q%3D%3D&position=2&pageNum=6&trk=public_jobs_jserp-result_search-card,1 month ago,Workforce Connections,https://www.linkedin.com/company/workforce-connections?trk=public_jobs_jserp-result_job-search-card-subtitle,"St Louis, MO"
Data Analyst,https://www.linkedin.com/jobs/view/data-analyst-at-south-side-healthy-community-organization-3802290564?refId=tTDc7yYgVuvrQQa%2BSpJAbg%3D%3D&trackingId=7ErrKHYwo1o3yy2tlsFzGA%3D%3D&position=3&pageNum=6&trk=public_jobs_jserp-result_search-card,1 month ago,South Side Healthy Community Organization,https://www.linkedin.com/company/sshco?trk=public_jobs_jserp-result_job-search-card-subtitle,"Chicago, IL"
IT Data Analyst,https://www.linkedin.com/jobs/view/it-data-analyst%C2%A0-at-divihn-integration-inc-3826456591?refId=tTDc7yYgVuvrQQa%2BSpJAbg%3D%3D&trackingId=eXPlouqHI1eXYkkrLnHqfg%3D%3D&position=4&pageNum=6&trk=public_jobs_jserp-result_search-card,2 hours ago,DivIHN Integration Inc,https://www.linkedin.com/company/divihn-integration-inc?trk=public_jobs_jserp-result_job-search-card-subtitle,"Abbott, TX"
Data Analyst IV,https://www.linkedin.com/jobs/view/data-analyst-iv-at-airswift-3820860860?refId=tTDc7yYgVuvrQQa%2BSpJAbg%3D%3D&trackingId=DvIz5Pi0TsvPlU8A0qAqOA%3D%3D&position=5&pageNum=6&trk=public_jobs_jserp-result_search-card,6 days ago,Airswift,https://www.linkedin.com/company/airswift?trk=public_jobs_jserp-result_job-search-card-subtitle,"Anchorage, AK"
Data Analyst,https://www.linkedin.com/jobs/view/data-analyst-at-brycetech-3816173003?refId=tTDc7yYgVuvrQQa%2BSpJAbg%3D%3D&trackingId=iglRz6mxYwhMp3Kc8llnng%3D%3D&position=6&pageNum=6&trk=public_jobs_jserp-result_search-card,1 week ago,BryceTech,https://www.linkedin.com/company/brycespaceandtechnology?trk=public_jobs_jserp-result_job-search-card-subtitle,"Washington, DC"
Data Analyst - Entry Level,https://www.linkedin.com/jobs/view/data-analyst-entry-level-at-synergisticit-3816573398?refId=tTDc7yYgVuvrQQa%2BSpJAbg%3D%3D&trackingId=TdX%2Fb6K%2FjdHL4HWtCwi%2BHA%3D%3D&position=7&pageNum=6&trk=public_jobs_jserp-result_search-card,3 weeks ago,SynergisticIT,https://www.linkedin.com/company/synergisticit?trk=public_jobs_jserp-result_job-search-card-subtitle,"Chicago, IL"
Business Data Analyst,https://www.linkedin.com/jobs/view/business-data-analyst-at-mv-transportation-3802543775?refId=tTDc7yYgVuvrQQa%2BSpJAbg%3D%3D&trackingId=vjR%2FDjNTwVP%2BpUPAlMJWjA%3D%3D&position=8&pageNum=6&trk=public_jobs_jserp-result_search-card,1 month ago,MV Transportation,https://www.linkedin.com/company/mv-transportation?trk=public_jobs_jserp-result_job-search-card-subtitle,"Lynwood, CA"
Data Analyst,https://www.linkedin.com/jobs/view/data-analyst-at-w-r-berkley-corporation-3816828845?refId=tTDc7yYgVuvrQQa%2BSpJAbg%3D%3D&trackingId=7D3l6MK2W%2BysDAwYCtEVQA%3D%3D&position=9&pageNum=6&trk=public_jobs_jserp-result_search-card,6 days ago,W. R. Berkley Corporation,https://www.linkedin.com/company/wrberkleycorporation?trk=public_jobs_jserp-result_job-search-card-subtitle,"Overland Park, KS"
Data Analyst,https://www.linkedin.com/jobs/view/data-analyst-at-excelacom-3810698489?refId=tTDc7yYgVuvrQQa%2BSpJAbg%3D%3D&trackingId=5HuhuPprMES2FnOU5Jz1YQ%3D%3D&position=10&pageNum=6&trk=public_jobs_jserp-result_search-card,2 weeks ago,Excelacom,https://www.linkedin.com/company/excelacom?trk=public_jobs_jserp-result_job-search-card-subtitle,"Denver, CO"
Data Security Analyst,https://www.linkedin.com/jobs/view/data-security-analyst-at-allstem-connections-3811220120?refId=tTDc7yYgVuvrQQa%2BSpJAbg%3D%3D&trackingId=Oy1pohj%2FbMx0ry4gT1Sv9A%3D%3D&position=11&pageNum=6&trk=public_jobs_jserp-result_search-card,2 weeks ago,AllSTEM Connections,https://www.linkedin.com/company/allstemconnections?trk=public_jobs_jserp-result_job-search-card-subtitle,"Columbus, Ohio Metropolitan Area"
Data Analyst,https://www.linkedin.com/jobs/view/data-analyst-at-mbms-llc-3812812630?refId=tTDc7yYgVuvrQQa%2BSpJAbg%3D%3D&trackingId=utgwSeH4qK1Gd1i%2Ftgkm%2FQ%3D%3D&position=12&pageNum=6&trk=public_jobs_jserp-result_search-card,2 weeks ago,"MBMS, LLC",https://www.linkedin.com/company/mbms-llc?trk=public_jobs_jserp-result_job-search-card-subtitle,"Newark, DE"
Business Data Analyst (SQL),https://www.linkedin.com/jobs/view/business-data-analyst-sql-at-css-tec-3801100970?refId=tTDc7yYgVuvrQQa%2BSpJAbg%3D%3D&trackingId=mdRT1zi5jdR4ts%2FTav58lA%3D%3D&position=13&pageNum=6&trk=public_jobs_jserp-result_search-card,6 days ago,CSS Tec,https://www.linkedin.com/company/css-tec?trk=public_jobs_jserp-result_job-search-card-subtitle,"Philadelphia, PA"
Data Analyst Entry Level,https://www.linkedin.com/jobs/view/data-analyst-entry-level-at-patterned-learning-career-3826603194?refId=tTDc7yYgVuvrQQa%2BSpJAbg%3D%3D&trackingId=6yPVhiS2%2FFkksz27apN0fg%3D%3D&position=14&pageNum=6&trk=public_jobs_jserp-result_search-card,7 hours ago,Patterned Learning Career,https://www.linkedin.com/company/patterned-learning-career?trk=public_jobs_jserp-result_job-search-card-subtitle,"San Diego, CA"
Data Analyst- Full Time ( Remote) - Beginner Level,https://www.linkedin.com/jobs/view/data-analyst-full-time-remote-beginner-level-at-opinion-focus-panel-llc-3826079095?refId=tTDc7yYgVuvrQQa%2BSpJAbg%3D%3D&trackingId=uYikYveqG9DSEXE3ibtvqA%3D%3D&position=15&pageNum=6&trk=public_jobs_jserp-result_search-card,6 hours ago,Opinion Focus Panel LLC,https://www.linkedin.com/company/opinion-focus-panel-llc?trk=public_jobs_jserp-result_job-search-card-subtitle,United States
Junior Data Analyst,https://www.linkedin.com/jobs/view/junior-data-analyst-at-red-gate-3802672430?refId=tTDc7yYgVuvrQQa%2BSpJAbg%3D%3D&trackingId=cqhMIemIWe2WGxh4v%2B2MQA%3D%3D&position=16&pageNum=6&trk=public_jobs_jserp-result_search-card,1 month ago,Red Gate,https://www.linkedin.com/company/red-gate-group?trk=public_jobs_jserp-result_job-search-card-subtitle,"Arlington, VA"
Data Analyst,https://www.linkedin.com/jobs/view/data-analyst-at-commonwealth-of-massachusetts-3813406351?refId=tTDc7yYgVuvrQQa%2BSpJAbg%3D%3D&trackingId=DiAKHBSebNZqPIpNLbaj%2BQ%3D%3D&position=17&pageNum=6&trk=public_jobs_jserp-result_search-card,2 weeks ago,Commonwealth of Massachusetts,https://www.linkedin.com/company/commonwealth-of-massachusetts?trk=public_jobs_jserp-result_job-search-card-subtitle,"Boston, MA"
Data Insights Analyst,https://www.linkedin.com/jobs/view/data-insights-analyst-at-beovexis-3814291957?refId=tTDc7yYgVuvrQQa%2BSpJAbg%3D%3D&trackingId=XDwF3C9Bx70KKVLBDCHb2w%3D%3D&position=18&pageNum=6&trk=public_jobs_jserp-result_search-card,1 week ago,BEOVEXIS,https://www.linkedin.com/company/beovexis?trk=public_jobs_jserp-result_job-search-card-subtitle,"New Albany, OH"
Senior Data Analyst,https://www.linkedin.com/jobs/view/senior-data-analyst-at-xoriant-3826690252?refId=tTDc7yYgVuvrQQa%2BSpJAbg%3D%3D&trackingId=EYPQIWOQmJ%2FtYGWoloo7Mw%3D%3D&position=19&pageNum=6&trk=public_jobs_jserp-result_search-card,3 hours ago,Xoriant,https://www.linkedin.com/company/xoriant?trk=public_jobs_jserp-result_job-search-card-subtitle,"Boston, MA"
Data Analyst,https://www.linkedin.com/jobs/view/data-analyst-at-triwest-healthcare-alliance-3812126640?refId=tTDc7yYgVuvrQQa%2BSpJAbg%3D%3D&trackingId=1Vr7ysUfV0ucm4DwBlRTHA%3D%3D&position=20&pageNum=6&trk=public_jobs_jserp-result_search-card,3 days ago,TriWest Healthcare Alliance,https://www.linkedin.com/company/triwest-healthcare-alliance?trk=public_jobs_jserp-result_job-search-card-subtitle,"Denver, CO"
Data and Business Intelligence Analyst,https://www.linkedin.com/jobs/view/data-and-business-intelligence-analyst-at-team-jas-3804294100?refId=tTDc7yYgVuvrQQa%2BSpJAbg%3D%3D&trackingId=NVGROiAXQMgm9vhGW81wVw%3D%3D&position=21&pageNum=6&trk=public_jobs_jserp-result_search-card,4 weeks ago,Team JAS,https://www.linkedin.com/company/teamjas?trk=public_jobs_jserp-result_job-search-card-subtitle,"Jacksonville, FL"
Data Analyst,https://www.linkedin.com/jobs/view/data-analyst-at-indiana-university-indianapolis-3814766924?refId=tTDc7yYgVuvrQQa%2BSpJAbg%3D%3D&trackingId=E6DzAX0SDFlzK39bzIUcgw%3D%3D&position=22&pageNum=6&trk=public_jobs_jserp-result_search-card,1 week ago,Indiana University Indianapolis,https://www.linkedin.com/company/indiana-university%E2%80%93purdue-university-indianapolis?trk=public_jobs_jserp-result_job-search-card-subtitle,"Indianapolis, IN"
